topicId,rank,docId,filename
0,0,6,file:/G:/Shared%20drives/HIST289%20Course%20Materials/5%20-%20Distant%20Reading%20-%20Voyant%20and%20MALLET/RunawaySlaveNarratives/1845_Frederick_Douglass.txt
0,1,5,file:/G:/Shared%20drives/HIST289%20Course%20Materials/5%20-%20Distant%20Reading%20-%20Voyant%20and%20MALLET/RunawaySlaveNarratives/1813_Jacob_Green.txt
0,2,9,file:/G:/Shared%20drives/HIST289%20Course%20Materials/5%20-%20Distant%20Reading%20-%20Voyant%20and%20MALLET/RunawaySlaveNarratives/1849_James_Pennington.txt
0,3,3,file:/G:/Shared%20drives/HIST289%20Course%20Materials/5%20-%20Distant%20Reading%20-%20Voyant%20and%20MALLET/RunawaySlaveNarratives/1860_William_Craft.txt
0,4,1,file:/G:/Shared%20drives/HIST289%20Course%20Materials/5%20-%20Distant%20Reading%20-%20Voyant%20and%20MALLET/RunawaySlaveNarratives/1855_John_Brown.txt
0,5,2,file:/G:/Shared%20drives/HIST289%20Course%20Materials/5%20-%20Distant%20Reading%20-%20Voyant%20and%20MALLET/RunawaySlaveNarratives/1849_Henry_Bibb.txt
0,6,0,file:/G:/Shared%20drives/HIST289%20Course%20Materials/5%20-%20Distant%20Reading%20-%20Voyant%20and%20MALLET/RunawaySlaveNarratives/1861_Harriet_Jacobs.txt
0,7,8,file:/G:/Shared%20drives/HIST289%20Course%20Materials/5%20-%20Distant%20Reading%20-%20Voyant%20and%20MALLET/RunawaySlaveNarratives/1825_William_Grimes.txt
0,8,10,file:/G:/Shared%20drives/HIST289%20Course%20Materials/5%20-%20Distant%20Reading%20-%20Voyant%20and%20MALLET/RunawaySlaveNarratives/1855_John_Thompson.txt
0,9,4,file:/G:/Shared%20drives/HIST289%20Course%20Materials/5%20-%20Distant%20Reading%20-%20Voyant%20and%20MALLET/RunawaySlaveNarratives/1847_William_Wells_Brown.txt
0,10,7,file:/G:/Shared%20drives/HIST289%20Course%20Materials/5%20-%20Distant%20Reading%20-%20Voyant%20and%20MALLET/RunawaySlaveNarratives/1901_Isaac_Johnson.txt
1,0,7,file:/G:/Shared%20drives/HIST289%20Course%20Materials/5%20-%20Distant%20Reading%20-%20Voyant%20and%20MALLET/RunawaySlaveNarratives/1901_Isaac_Johnson.txt
1,1,10,file:/G:/Shared%20drives/HIST289%20Course%20Materials/5%20-%20Distant%20Reading%20-%20Voyant%20and%20MALLET/RunawaySlaveNarratives/1855_John_Thompson.txt
1,2,0,file:/G:/Shared%20drives/HIST289%20Course%20Materials/5%20-%20Distant%20Reading%20-%20Voyant%20and%20MALLET/RunawaySlaveNarratives/1861_Harriet_Jacobs.txt
1,3,9,file:/G:/Shared%20drives/HIST289%20Course%20Materials/5%20-%20Distant%20Reading%20-%20Voyant%20and%20MALLET/RunawaySlaveNarratives/1849_James_Pennington.txt
1,4,4,file:/G:/Shared%20drives/HIST289%20Course%20Materials/5%20-%20Distant%20Reading%20-%20Voyant%20and%20MALLET/RunawaySlaveNarratives/1847_William_Wells_Brown.txt
1,5,1,file:/G:/Shared%20drives/HIST289%20Course%20Materials/5%20-%20Distant%20Reading%20-%20Voyant%20and%20MALLET/RunawaySlaveNarratives/1855_John_Brown.txt
1,6,8,file:/G:/Shared%20drives/HIST289%20Course%20Materials/5%20-%20Distant%20Reading%20-%20Voyant%20and%20MALLET/RunawaySlaveNarratives/1825_William_Grimes.txt
1,7,6,file:/G:/Shared%20drives/HIST289%20Course%20Materials/5%20-%20Distant%20Reading%20-%20Voyant%20and%20MALLET/RunawaySlaveNarratives/1845_Frederick_Douglass.txt
1,8,5,file:/G:/Shared%20drives/HIST289%20Course%20Materials/5%20-%20Distant%20Reading%20-%20Voyant%20and%20MALLET/RunawaySlaveNarratives/1813_Jacob_Green.txt
1,9,3,file:/G:/Shared%20drives/HIST289%20Course%20Materials/5%20-%20Distant%20Reading%20-%20Voyant%20and%20MALLET/RunawaySlaveNarratives/1860_William_Craft.txt
1,10,2,file:/G:/Shared%20drives/HIST289%20Course%20Materials/5%20-%20Distant%20Reading%20-%20Voyant%20and%20MALLET/RunawaySlaveNarratives/1849_Henry_Bibb.txt
2,0,6,file:/G:/Shared%20drives/HIST289%20Course%20Materials/5%20-%20Distant%20Reading%20-%20Voyant%20and%20MALLET/RunawaySlaveNarratives/1845_Frederick_Douglass.txt
2,1,8,file:/G:/Shared%20drives/HIST289%20Course%20Materials/5%20-%20Distant%20Reading%20-%20Voyant%20and%20MALLET/RunawaySlaveNarratives/1825_William_Grimes.txt
2,2,4,file:/G:/Shared%20drives/HIST289%20Course%20Materials/5%20-%20Distant%20Reading%20-%20Voyant%20and%20MALLET/RunawaySlaveNarratives/1847_William_Wells_Brown.txt
2,3,5,file:/G:/Shared%20drives/HIST289%20Course%20Materials/5%20-%20Distant%20Reading%20-%20Voyant%20and%20MALLET/RunawaySlaveNarratives/1813_Jacob_Green.txt
2,4,10,file:/G:/Shared%20drives/HIST289%20Course%20Materials/5%20-%20Distant%20Reading%20-%20Voyant%20and%20MALLET/RunawaySlaveNarratives/1855_John_Thompson.txt
2,5,9,file:/G:/Shared%20drives/HIST289%20Course%20Materials/5%20-%20Distant%20Reading%20-%20Voyant%20and%20MALLET/RunawaySlaveNarratives/1849_James_Pennington.txt
2,6,7,file:/G:/Shared%20drives/HIST289%20Course%20Materials/5%20-%20Distant%20Reading%20-%20Voyant%20and%20MALLET/RunawaySlaveNarratives/1901_Isaac_Johnson.txt
2,7,3,file:/G:/Shared%20drives/HIST289%20Course%20Materials/5%20-%20Distant%20Reading%20-%20Voyant%20and%20MALLET/RunawaySlaveNarratives/1860_William_Craft.txt
2,8,2,file:/G:/Shared%20drives/HIST289%20Course%20Materials/5%20-%20Distant%20Reading%20-%20Voyant%20and%20MALLET/RunawaySlaveNarratives/1849_Henry_Bibb.txt
2,9,1,file:/G:/Shared%20drives/HIST289%20Course%20Materials/5%20-%20Distant%20Reading%20-%20Voyant%20and%20MALLET/RunawaySlaveNarratives/1855_John_Brown.txt
2,10,0,file:/G:/Shared%20drives/HIST289%20Course%20Materials/5%20-%20Distant%20Reading%20-%20Voyant%20and%20MALLET/RunawaySlaveNarratives/1861_Harriet_Jacobs.txt
3,0,1,file:/G:/Shared%20drives/HIST289%20Course%20Materials/5%20-%20Distant%20Reading%20-%20Voyant%20and%20MALLET/RunawaySlaveNarratives/1855_John_Brown.txt
3,1,10,file:/G:/Shared%20drives/HIST289%20Course%20Materials/5%20-%20Distant%20Reading%20-%20Voyant%20and%20MALLET/RunawaySlaveNarratives/1855_John_Thompson.txt
3,2,5,file:/G:/Shared%20drives/HIST289%20Course%20Materials/5%20-%20Distant%20Reading%20-%20Voyant%20and%20MALLET/RunawaySlaveNarratives/1813_Jacob_Green.txt
3,3,8,file:/G:/Shared%20drives/HIST289%20Course%20Materials/5%20-%20Distant%20Reading%20-%20Voyant%20and%20MALLET/RunawaySlaveNarratives/1825_William_Grimes.txt
3,4,0,file:/G:/Shared%20drives/HIST289%20Course%20Materials/5%20-%20Distant%20Reading%20-%20Voyant%20and%20MALLET/RunawaySlaveNarratives/1861_Harriet_Jacobs.txt
3,5,2,file:/G:/Shared%20drives/HIST289%20Course%20Materials/5%20-%20Distant%20Reading%20-%20Voyant%20and%20MALLET/RunawaySlaveNarratives/1849_Henry_Bibb.txt
3,6,9,file:/G:/Shared%20drives/HIST289%20Course%20Materials/5%20-%20Distant%20Reading%20-%20Voyant%20and%20MALLET/RunawaySlaveNarratives/1849_James_Pennington.txt
3,7,6,file:/G:/Shared%20drives/HIST289%20Course%20Materials/5%20-%20Distant%20Reading%20-%20Voyant%20and%20MALLET/RunawaySlaveNarratives/1845_Frederick_Douglass.txt
3,8,3,file:/G:/Shared%20drives/HIST289%20Course%20Materials/5%20-%20Distant%20Reading%20-%20Voyant%20and%20MALLET/RunawaySlaveNarratives/1860_William_Craft.txt
3,9,4,file:/G:/Shared%20drives/HIST289%20Course%20Materials/5%20-%20Distant%20Reading%20-%20Voyant%20and%20MALLET/RunawaySlaveNarratives/1847_William_Wells_Brown.txt
3,10,7,file:/G:/Shared%20drives/HIST289%20Course%20Materials/5%20-%20Distant%20Reading%20-%20Voyant%20and%20MALLET/RunawaySlaveNarratives/1901_Isaac_Johnson.txt
4,0,2,file:/G:/Shared%20drives/HIST289%20Course%20Materials/5%20-%20Distant%20Reading%20-%20Voyant%20and%20MALLET/RunawaySlaveNarratives/1849_Henry_Bibb.txt
4,1,8,file:/G:/Shared%20drives/HIST289%20Course%20Materials/5%20-%20Distant%20Reading%20-%20Voyant%20and%20MALLET/RunawaySlaveNarratives/1825_William_Grimes.txt
4,2,4,file:/G:/Shared%20drives/HIST289%20Course%20Materials/5%20-%20Distant%20Reading%20-%20Voyant%20and%20MALLET/RunawaySlaveNarratives/1847_William_Wells_Brown.txt
4,3,10,file:/G:/Shared%20drives/HIST289%20Course%20Materials/5%20-%20Distant%20Reading%20-%20Voyant%20and%20MALLET/RunawaySlaveNarratives/1855_John_Thompson.txt
4,4,9,file:/G:/Shared%20drives/HIST289%20Course%20Materials/5%20-%20Distant%20Reading%20-%20Voyant%20and%20MALLET/RunawaySlaveNarratives/1849_James_Pennington.txt
4,5,7,file:/G:/Shared%20drives/HIST289%20Course%20Materials/5%20-%20Distant%20Reading%20-%20Voyant%20and%20MALLET/RunawaySlaveNarratives/1901_Isaac_Johnson.txt
4,6,6,file:/G:/Shared%20drives/HIST289%20Course%20Materials/5%20-%20Distant%20Reading%20-%20Voyant%20and%20MALLET/RunawaySlaveNarratives/1845_Frederick_Douglass.txt
4,7,5,file:/G:/Shared%20drives/HIST289%20Course%20Materials/5%20-%20Distant%20Reading%20-%20Voyant%20and%20MALLET/RunawaySlaveNarratives/1813_Jacob_Green.txt
4,8,3,file:/G:/Shared%20drives/HIST289%20Course%20Materials/5%20-%20Distant%20Reading%20-%20Voyant%20and%20MALLET/RunawaySlaveNarratives/1860_William_Craft.txt
4,9,1,file:/G:/Shared%20drives/HIST289%20Course%20Materials/5%20-%20Distant%20Reading%20-%20Voyant%20and%20MALLET/RunawaySlaveNarratives/1855_John_Brown.txt
4,10,0,file:/G:/Shared%20drives/HIST289%20Course%20Materials/5%20-%20Distant%20Reading%20-%20Voyant%20and%20MALLET/RunawaySlaveNarratives/1861_Harriet_Jacobs.txt
5,0,3,file:/G:/Shared%20drives/HIST289%20Course%20Materials/5%20-%20Distant%20Reading%20-%20Voyant%20and%20MALLET/RunawaySlaveNarratives/1860_William_Craft.txt
5,1,2,file:/G:/Shared%20drives/HIST289%20Course%20Materials/5%20-%20Distant%20Reading%20-%20Voyant%20and%20MALLET/RunawaySlaveNarratives/1849_Henry_Bibb.txt
5,2,10,file:/G:/Shared%20drives/HIST289%20Course%20Materials/5%20-%20Distant%20Reading%20-%20Voyant%20and%20MALLET/RunawaySlaveNarratives/1855_John_Thompson.txt
5,3,9,file:/G:/Shared%20drives/HIST289%20Course%20Materials/5%20-%20Distant%20Reading%20-%20Voyant%20and%20MALLET/RunawaySlaveNarratives/1849_James_Pennington.txt
5,4,8,file:/G:/Shared%20drives/HIST289%20Course%20Materials/5%20-%20Distant%20Reading%20-%20Voyant%20and%20MALLET/RunawaySlaveNarratives/1825_William_Grimes.txt
5,5,7,file:/G:/Shared%20drives/HIST289%20Course%20Materials/5%20-%20Distant%20Reading%20-%20Voyant%20and%20MALLET/RunawaySlaveNarratives/1901_Isaac_Johnson.txt
5,6,6,file:/G:/Shared%20drives/HIST289%20Course%20Materials/5%20-%20Distant%20Reading%20-%20Voyant%20and%20MALLET/RunawaySlaveNarratives/1845_Frederick_Douglass.txt
5,7,5,file:/G:/Shared%20drives/HIST289%20Course%20Materials/5%20-%20Distant%20Reading%20-%20Voyant%20and%20MALLET/RunawaySlaveNarratives/1813_Jacob_Green.txt
5,8,4,file:/G:/Shared%20drives/HIST289%20Course%20Materials/5%20-%20Distant%20Reading%20-%20Voyant%20and%20MALLET/RunawaySlaveNarratives/1847_William_Wells_Brown.txt
5,9,1,file:/G:/Shared%20drives/HIST289%20Course%20Materials/5%20-%20Distant%20Reading%20-%20Voyant%20and%20MALLET/RunawaySlaveNarratives/1855_John_Brown.txt
5,10,0,file:/G:/Shared%20drives/HIST289%20Course%20Materials/5%20-%20Distant%20Reading%20-%20Voyant%20and%20MALLET/RunawaySlaveNarratives/1861_Harriet_Jacobs.txt
6,0,0,file:/G:/Shared%20drives/HIST289%20Course%20Materials/5%20-%20Distant%20Reading%20-%20Voyant%20and%20MALLET/RunawaySlaveNarratives/1861_Harriet_Jacobs.txt
6,1,1,file:/G:/Shared%20drives/HIST289%20Course%20Materials/5%20-%20Distant%20Reading%20-%20Voyant%20and%20MALLET/RunawaySlaveNarratives/1855_John_Brown.txt
6,2,8,file:/G:/Shared%20drives/HIST289%20Course%20Materials/5%20-%20Distant%20Reading%20-%20Voyant%20and%20MALLET/RunawaySlaveNarratives/1825_William_Grimes.txt
6,3,2,file:/G:/Shared%20drives/HIST289%20Course%20Materials/5%20-%20Distant%20Reading%20-%20Voyant%20and%20MALLET/RunawaySlaveNarratives/1849_Henry_Bibb.txt
6,4,6,file:/G:/Shared%20drives/HIST289%20Course%20Materials/5%20-%20Distant%20Reading%20-%20Voyant%20and%20MALLET/RunawaySlaveNarratives/1845_Frederick_Douglass.txt
6,5,10,file:/G:/Shared%20drives/HIST289%20Course%20Materials/5%20-%20Distant%20Reading%20-%20Voyant%20and%20MALLET/RunawaySlaveNarratives/1855_John_Thompson.txt
6,6,9,file:/G:/Shared%20drives/HIST289%20Course%20Materials/5%20-%20Distant%20Reading%20-%20Voyant%20and%20MALLET/RunawaySlaveNarratives/1849_James_Pennington.txt
6,7,5,file:/G:/Shared%20drives/HIST289%20Course%20Materials/5%20-%20Distant%20Reading%20-%20Voyant%20and%20MALLET/RunawaySlaveNarratives/1813_Jacob_Green.txt
6,8,4,file:/G:/Shared%20drives/HIST289%20Course%20Materials/5%20-%20Distant%20Reading%20-%20Voyant%20and%20MALLET/RunawaySlaveNarratives/1847_William_Wells_Brown.txt
6,9,3,file:/G:/Shared%20drives/HIST289%20Course%20Materials/5%20-%20Distant%20Reading%20-%20Voyant%20and%20MALLET/RunawaySlaveNarratives/1860_William_Craft.txt
6,10,7,file:/G:/Shared%20drives/HIST289%20Course%20Materials/5%20-%20Distant%20Reading%20-%20Voyant%20and%20MALLET/RunawaySlaveNarratives/1901_Isaac_Johnson.txt
7,0,5,file:/G:/Shared%20drives/HIST289%20Course%20Materials/5%20-%20Distant%20Reading%20-%20Voyant%20and%20MALLET/RunawaySlaveNarratives/1813_Jacob_Green.txt
7,1,3,file:/G:/Shared%20drives/HIST289%20Course%20Materials/5%20-%20Distant%20Reading%20-%20Voyant%20and%20MALLET/RunawaySlaveNarratives/1860_William_Craft.txt
7,2,2,file:/G:/Shared%20drives/HIST289%20Course%20Materials/5%20-%20Distant%20Reading%20-%20Voyant%20and%20MALLET/RunawaySlaveNarratives/1849_Henry_Bibb.txt
7,3,10,file:/G:/Shared%20drives/HIST289%20Course%20Materials/5%20-%20Distant%20Reading%20-%20Voyant%20and%20MALLET/RunawaySlaveNarratives/1855_John_Thompson.txt
7,4,9,file:/G:/Shared%20drives/HIST289%20Course%20Materials/5%20-%20Distant%20Reading%20-%20Voyant%20and%20MALLET/RunawaySlaveNarratives/1849_James_Pennington.txt
7,5,8,file:/G:/Shared%20drives/HIST289%20Course%20Materials/5%20-%20Distant%20Reading%20-%20Voyant%20and%20MALLET/RunawaySlaveNarratives/1825_William_Grimes.txt
7,6,7,file:/G:/Shared%20drives/HIST289%20Course%20Materials/5%20-%20Distant%20Reading%20-%20Voyant%20and%20MALLET/RunawaySlaveNarratives/1901_Isaac_Johnson.txt
7,7,6,file:/G:/Shared%20drives/HIST289%20Course%20Materials/5%20-%20Distant%20Reading%20-%20Voyant%20and%20MALLET/RunawaySlaveNarratives/1845_Frederick_Douglass.txt
7,8,4,file:/G:/Shared%20drives/HIST289%20Course%20Materials/5%20-%20Distant%20Reading%20-%20Voyant%20and%20MALLET/RunawaySlaveNarratives/1847_William_Wells_Brown.txt
7,9,1,file:/G:/Shared%20drives/HIST289%20Course%20Materials/5%20-%20Distant%20Reading%20-%20Voyant%20and%20MALLET/RunawaySlaveNarratives/1855_John_Brown.txt
7,10,0,file:/G:/Shared%20drives/HIST289%20Course%20Materials/5%20-%20Distant%20Reading%20-%20Voyant%20and%20MALLET/RunawaySlaveNarratives/1861_Harriet_Jacobs.txt
8,0,0,file:/G:/Shared%20drives/HIST289%20Course%20Materials/5%20-%20Distant%20Reading%20-%20Voyant%20and%20MALLET/RunawaySlaveNarratives/1861_Harriet_Jacobs.txt
8,1,3,file:/G:/Shared%20drives/HIST289%20Course%20Materials/5%20-%20Distant%20Reading%20-%20Voyant%20and%20MALLET/RunawaySlaveNarratives/1860_William_Craft.txt
8,2,4,file:/G:/Shared%20drives/HIST289%20Course%20Materials/5%20-%20Distant%20Reading%20-%20Voyant%20and%20MALLET/RunawaySlaveNarratives/1847_William_Wells_Brown.txt
8,3,6,file:/G:/Shared%20drives/HIST289%20Course%20Materials/5%20-%20Distant%20Reading%20-%20Voyant%20and%20MALLET/RunawaySlaveNarratives/1845_Frederick_Douglass.txt
8,4,1,file:/G:/Shared%20drives/HIST289%20Course%20Materials/5%20-%20Distant%20Reading%20-%20Voyant%20and%20MALLET/RunawaySlaveNarratives/1855_John_Brown.txt
8,5,9,file:/G:/Shared%20drives/HIST289%20Course%20Materials/5%20-%20Distant%20Reading%20-%20Voyant%20and%20MALLET/RunawaySlaveNarratives/1849_James_Pennington.txt
8,6,5,file:/G:/Shared%20drives/HIST289%20Course%20Materials/5%20-%20Distant%20Reading%20-%20Voyant%20and%20MALLET/RunawaySlaveNarratives/1813_Jacob_Green.txt
8,7,8,file:/G:/Shared%20drives/HIST289%20Course%20Materials/5%20-%20Distant%20Reading%20-%20Voyant%20and%20MALLET/RunawaySlaveNarratives/1825_William_Grimes.txt
8,8,10,file:/G:/Shared%20drives/HIST289%20Course%20Materials/5%20-%20Distant%20Reading%20-%20Voyant%20and%20MALLET/RunawaySlaveNarratives/1855_John_Thompson.txt
8,9,2,file:/G:/Shared%20drives/HIST289%20Course%20Materials/5%20-%20Distant%20Reading%20-%20Voyant%20and%20MALLET/RunawaySlaveNarratives/1849_Henry_Bibb.txt
8,10,7,file:/G:/Shared%20drives/HIST289%20Course%20Materials/5%20-%20Distant%20Reading%20-%20Voyant%20and%20MALLET/RunawaySlaveNarratives/1901_Isaac_Johnson.txt
9,0,9,file:/G:/Shared%20drives/HIST289%20Course%20Materials/5%20-%20Distant%20Reading%20-%20Voyant%20and%20MALLET/RunawaySlaveNarratives/1849_James_Pennington.txt
9,1,0,file:/G:/Shared%20drives/HIST289%20Course%20Materials/5%20-%20Distant%20Reading%20-%20Voyant%20and%20MALLET/RunawaySlaveNarratives/1861_Harriet_Jacobs.txt
9,2,10,file:/G:/Shared%20drives/HIST289%20Course%20Materials/5%20-%20Distant%20Reading%20-%20Voyant%20and%20MALLET/RunawaySlaveNarratives/1855_John_Thompson.txt
9,3,5,file:/G:/Shared%20drives/HIST289%20Course%20Materials/5%20-%20Distant%20Reading%20-%20Voyant%20and%20MALLET/RunawaySlaveNarratives/1813_Jacob_Green.txt
9,4,1,file:/G:/Shared%20drives/HIST289%20Course%20Materials/5%20-%20Distant%20Reading%20-%20Voyant%20and%20MALLET/RunawaySlaveNarratives/1855_John_Brown.txt
9,5,3,file:/G:/Shared%20drives/HIST289%20Course%20Materials/5%20-%20Distant%20Reading%20-%20Voyant%20and%20MALLET/RunawaySlaveNarratives/1860_William_Craft.txt
9,6,6,file:/G:/Shared%20drives/HIST289%20Course%20Materials/5%20-%20Distant%20Reading%20-%20Voyant%20and%20MALLET/RunawaySlaveNarratives/1845_Frederick_Douglass.txt
9,7,8,file:/G:/Shared%20drives/HIST289%20Course%20Materials/5%20-%20Distant%20Reading%20-%20Voyant%20and%20MALLET/RunawaySlaveNarratives/1825_William_Grimes.txt
9,8,7,file:/G:/Shared%20drives/HIST289%20Course%20Materials/5%20-%20Distant%20Reading%20-%20Voyant%20and%20MALLET/RunawaySlaveNarratives/1901_Isaac_Johnson.txt
9,9,4,file:/G:/Shared%20drives/HIST289%20Course%20Materials/5%20-%20Distant%20Reading%20-%20Voyant%20and%20MALLET/RunawaySlaveNarratives/1847_William_Wells_Brown.txt
9,10,2,file:/G:/Shared%20drives/HIST289%20Course%20Materials/5%20-%20Distant%20Reading%20-%20Voyant%20and%20MALLET/RunawaySlaveNarratives/1849_Henry_Bibb.txt
10,0,1,file:/G:/Shared%20drives/HIST289%20Course%20Materials/5%20-%20Distant%20Reading%20-%20Voyant%20and%20MALLET/RunawaySlaveNarratives/1855_John_Brown.txt
10,1,9,file:/G:/Shared%20drives/HIST289%20Course%20Materials/5%20-%20Distant%20Reading%20-%20Voyant%20and%20MALLET/RunawaySlaveNarratives/1849_James_Pennington.txt
10,2,3,file:/G:/Shared%20drives/HIST289%20Course%20Materials/5%20-%20Distant%20Reading%20-%20Voyant%20and%20MALLET/RunawaySlaveNarratives/1860_William_Craft.txt
10,3,10,file:/G:/Shared%20drives/HIST289%20Course%20Materials/5%20-%20Distant%20Reading%20-%20Voyant%20and%20MALLET/RunawaySlaveNarratives/1855_John_Thompson.txt
10,4,8,file:/G:/Shared%20drives/HIST289%20Course%20Materials/5%20-%20Distant%20Reading%20-%20Voyant%20and%20MALLET/RunawaySlaveNarratives/1825_William_Grimes.txt
10,5,7,file:/G:/Shared%20drives/HIST289%20Course%20Materials/5%20-%20Distant%20Reading%20-%20Voyant%20and%20MALLET/RunawaySlaveNarratives/1901_Isaac_Johnson.txt
10,6,6,file:/G:/Shared%20drives/HIST289%20Course%20Materials/5%20-%20Distant%20Reading%20-%20Voyant%20and%20MALLET/RunawaySlaveNarratives/1845_Frederick_Douglass.txt
10,7,5,file:/G:/Shared%20drives/HIST289%20Course%20Materials/5%20-%20Distant%20Reading%20-%20Voyant%20and%20MALLET/RunawaySlaveNarratives/1813_Jacob_Green.txt
10,8,4,file:/G:/Shared%20drives/HIST289%20Course%20Materials/5%20-%20Distant%20Reading%20-%20Voyant%20and%20MALLET/RunawaySlaveNarratives/1847_William_Wells_Brown.txt
10,9,2,file:/G:/Shared%20drives/HIST289%20Course%20Materials/5%20-%20Distant%20Reading%20-%20Voyant%20and%20MALLET/RunawaySlaveNarratives/1849_Henry_Bibb.txt
10,10,0,file:/G:/Shared%20drives/HIST289%20Course%20Materials/5%20-%20Distant%20Reading%20-%20Voyant%20and%20MALLET/RunawaySlaveNarratives/1861_Harriet_Jacobs.txt
11,0,0,file:/G:/Shared%20drives/HIST289%20Course%20Materials/5%20-%20Distant%20Reading%20-%20Voyant%20and%20MALLET/RunawaySlaveNarratives/1861_Harriet_Jacobs.txt
11,1,10,file:/G:/Shared%20drives/HIST289%20Course%20Materials/5%20-%20Distant%20Reading%20-%20Voyant%20and%20MALLET/RunawaySlaveNarratives/1855_John_Thompson.txt
11,2,9,file:/G:/Shared%20drives/HIST289%20Course%20Materials/5%20-%20Distant%20Reading%20-%20Voyant%20and%20MALLET/RunawaySlaveNarratives/1849_James_Pennington.txt
11,3,8,file:/G:/Shared%20drives/HIST289%20Course%20Materials/5%20-%20Distant%20Reading%20-%20Voyant%20and%20MALLET/RunawaySlaveNarratives/1825_William_Grimes.txt
11,4,7,file:/G:/Shared%20drives/HIST289%20Course%20Materials/5%20-%20Distant%20Reading%20-%20Voyant%20and%20MALLET/RunawaySlaveNarratives/1901_Isaac_Johnson.txt
11,5,6,file:/G:/Shared%20drives/HIST289%20Course%20Materials/5%20-%20Distant%20Reading%20-%20Voyant%20and%20MALLET/RunawaySlaveNarratives/1845_Frederick_Douglass.txt
11,6,5,file:/G:/Shared%20drives/HIST289%20Course%20Materials/5%20-%20Distant%20Reading%20-%20Voyant%20and%20MALLET/RunawaySlaveNarratives/1813_Jacob_Green.txt
11,7,4,file:/G:/Shared%20drives/HIST289%20Course%20Materials/5%20-%20Distant%20Reading%20-%20Voyant%20and%20MALLET/RunawaySlaveNarratives/1847_William_Wells_Brown.txt
11,8,3,file:/G:/Shared%20drives/HIST289%20Course%20Materials/5%20-%20Distant%20Reading%20-%20Voyant%20and%20MALLET/RunawaySlaveNarratives/1860_William_Craft.txt
11,9,2,file:/G:/Shared%20drives/HIST289%20Course%20Materials/5%20-%20Distant%20Reading%20-%20Voyant%20and%20MALLET/RunawaySlaveNarratives/1849_Henry_Bibb.txt
11,10,1,file:/G:/Shared%20drives/HIST289%20Course%20Materials/5%20-%20Distant%20Reading%20-%20Voyant%20and%20MALLET/RunawaySlaveNarratives/1855_John_Brown.txt
12,0,2,file:/G:/Shared%20drives/HIST289%20Course%20Materials/5%20-%20Distant%20Reading%20-%20Voyant%20and%20MALLET/RunawaySlaveNarratives/1849_Henry_Bibb.txt
12,1,0,file:/G:/Shared%20drives/HIST289%20Course%20Materials/5%20-%20Distant%20Reading%20-%20Voyant%20and%20MALLET/RunawaySlaveNarratives/1861_Harriet_Jacobs.txt
12,2,6,file:/G:/Shared%20drives/HIST289%20Course%20Materials/5%20-%20Distant%20Reading%20-%20Voyant%20and%20MALLET/RunawaySlaveNarratives/1845_Frederick_Douglass.txt
12,3,3,file:/G:/Shared%20drives/HIST289%20Course%20Materials/5%20-%20Distant%20Reading%20-%20Voyant%20and%20MALLET/RunawaySlaveNarratives/1860_William_Craft.txt
12,4,1,file:/G:/Shared%20drives/HIST289%20Course%20Materials/5%20-%20Distant%20Reading%20-%20Voyant%20and%20MALLET/RunawaySlaveNarratives/1855_John_Brown.txt
12,5,9,file:/G:/Shared%20drives/HIST289%20Course%20Materials/5%20-%20Distant%20Reading%20-%20Voyant%20and%20MALLET/RunawaySlaveNarratives/1849_James_Pennington.txt
12,6,10,file:/G:/Shared%20drives/HIST289%20Course%20Materials/5%20-%20Distant%20Reading%20-%20Voyant%20and%20MALLET/RunawaySlaveNarratives/1855_John_Thompson.txt
12,7,5,file:/G:/Shared%20drives/HIST289%20Course%20Materials/5%20-%20Distant%20Reading%20-%20Voyant%20and%20MALLET/RunawaySlaveNarratives/1813_Jacob_Green.txt
12,8,4,file:/G:/Shared%20drives/HIST289%20Course%20Materials/5%20-%20Distant%20Reading%20-%20Voyant%20and%20MALLET/RunawaySlaveNarratives/1847_William_Wells_Brown.txt
12,9,8,file:/G:/Shared%20drives/HIST289%20Course%20Materials/5%20-%20Distant%20Reading%20-%20Voyant%20and%20MALLET/RunawaySlaveNarratives/1825_William_Grimes.txt
12,10,7,file:/G:/Shared%20drives/HIST289%20Course%20Materials/5%20-%20Distant%20Reading%20-%20Voyant%20and%20MALLET/RunawaySlaveNarratives/1901_Isaac_Johnson.txt
13,0,4,file:/G:/Shared%20drives/HIST289%20Course%20Materials/5%20-%20Distant%20Reading%20-%20Voyant%20and%20MALLET/RunawaySlaveNarratives/1847_William_Wells_Brown.txt
13,1,1,file:/G:/Shared%20drives/HIST289%20Course%20Materials/5%20-%20Distant%20Reading%20-%20Voyant%20and%20MALLET/RunawaySlaveNarratives/1855_John_Brown.txt
13,2,2,file:/G:/Shared%20drives/HIST289%20Course%20Materials/5%20-%20Distant%20Reading%20-%20Voyant%20and%20MALLET/RunawaySlaveNarratives/1849_Henry_Bibb.txt
13,3,7,file:/G:/Shared%20drives/HIST289%20Course%20Materials/5%20-%20Distant%20Reading%20-%20Voyant%20and%20MALLET/RunawaySlaveNarratives/1901_Isaac_Johnson.txt
13,4,8,file:/G:/Shared%20drives/HIST289%20Course%20Materials/5%20-%20Distant%20Reading%20-%20Voyant%20and%20MALLET/RunawaySlaveNarratives/1825_William_Grimes.txt
13,5,10,file:/G:/Shared%20drives/HIST289%20Course%20Materials/5%20-%20Distant%20Reading%20-%20Voyant%20and%20MALLET/RunawaySlaveNarratives/1855_John_Thompson.txt
13,6,5,file:/G:/Shared%20drives/HIST289%20Course%20Materials/5%20-%20Distant%20Reading%20-%20Voyant%20and%20MALLET/RunawaySlaveNarratives/1813_Jacob_Green.txt
13,7,3,file:/G:/Shared%20drives/HIST289%20Course%20Materials/5%20-%20Distant%20Reading%20-%20Voyant%20and%20MALLET/RunawaySlaveNarratives/1860_William_Craft.txt
13,8,6,file:/G:/Shared%20drives/HIST289%20Course%20Materials/5%20-%20Distant%20Reading%20-%20Voyant%20and%20MALLET/RunawaySlaveNarratives/1845_Frederick_Douglass.txt
13,9,0,file:/G:/Shared%20drives/HIST289%20Course%20Materials/5%20-%20Distant%20Reading%20-%20Voyant%20and%20MALLET/RunawaySlaveNarratives/1861_Harriet_Jacobs.txt
13,10,9,file:/G:/Shared%20drives/HIST289%20Course%20Materials/5%20-%20Distant%20Reading%20-%20Voyant%20and%20MALLET/RunawaySlaveNarratives/1849_James_Pennington.txt
14,0,6,file:/G:/Shared%20drives/HIST289%20Course%20Materials/5%20-%20Distant%20Reading%20-%20Voyant%20and%20MALLET/RunawaySlaveNarratives/1845_Frederick_Douglass.txt
14,1,10,file:/G:/Shared%20drives/HIST289%20Course%20Materials/5%20-%20Distant%20Reading%20-%20Voyant%20and%20MALLET/RunawaySlaveNarratives/1855_John_Thompson.txt
14,2,0,file:/G:/Shared%20drives/HIST289%20Course%20Materials/5%20-%20Distant%20Reading%20-%20Voyant%20and%20MALLET/RunawaySlaveNarratives/1861_Harriet_Jacobs.txt
14,3,9,file:/G:/Shared%20drives/HIST289%20Course%20Materials/5%20-%20Distant%20Reading%20-%20Voyant%20and%20MALLET/RunawaySlaveNarratives/1849_James_Pennington.txt
14,4,4,file:/G:/Shared%20drives/HIST289%20Course%20Materials/5%20-%20Distant%20Reading%20-%20Voyant%20and%20MALLET/RunawaySlaveNarratives/1847_William_Wells_Brown.txt
14,5,1,file:/G:/Shared%20drives/HIST289%20Course%20Materials/5%20-%20Distant%20Reading%20-%20Voyant%20and%20MALLET/RunawaySlaveNarratives/1855_John_Brown.txt
14,6,8,file:/G:/Shared%20drives/HIST289%20Course%20Materials/5%20-%20Distant%20Reading%20-%20Voyant%20and%20MALLET/RunawaySlaveNarratives/1825_William_Grimes.txt
14,7,7,file:/G:/Shared%20drives/HIST289%20Course%20Materials/5%20-%20Distant%20Reading%20-%20Voyant%20and%20MALLET/RunawaySlaveNarratives/1901_Isaac_Johnson.txt
14,8,5,file:/G:/Shared%20drives/HIST289%20Course%20Materials/5%20-%20Distant%20Reading%20-%20Voyant%20and%20MALLET/RunawaySlaveNarratives/1813_Jacob_Green.txt
14,9,3,file:/G:/Shared%20drives/HIST289%20Course%20Materials/5%20-%20Distant%20Reading%20-%20Voyant%20and%20MALLET/RunawaySlaveNarratives/1860_William_Craft.txt
14,10,2,file:/G:/Shared%20drives/HIST289%20Course%20Materials/5%20-%20Distant%20Reading%20-%20Voyant%20and%20MALLET/RunawaySlaveNarratives/1849_Henry_Bibb.txt
15,0,1,file:/G:/Shared%20drives/HIST289%20Course%20Materials/5%20-%20Distant%20Reading%20-%20Voyant%20and%20MALLET/RunawaySlaveNarratives/1855_John_Brown.txt
15,1,7,file:/G:/Shared%20drives/HIST289%20Course%20Materials/5%20-%20Distant%20Reading%20-%20Voyant%20and%20MALLET/RunawaySlaveNarratives/1901_Isaac_Johnson.txt
15,2,2,file:/G:/Shared%20drives/HIST289%20Course%20Materials/5%20-%20Distant%20Reading%20-%20Voyant%20and%20MALLET/RunawaySlaveNarratives/1849_Henry_Bibb.txt
15,3,10,file:/G:/Shared%20drives/HIST289%20Course%20Materials/5%20-%20Distant%20Reading%20-%20Voyant%20and%20MALLET/RunawaySlaveNarratives/1855_John_Thompson.txt
15,4,9,file:/G:/Shared%20drives/HIST289%20Course%20Materials/5%20-%20Distant%20Reading%20-%20Voyant%20and%20MALLET/RunawaySlaveNarratives/1849_James_Pennington.txt
15,5,8,file:/G:/Shared%20drives/HIST289%20Course%20Materials/5%20-%20Distant%20Reading%20-%20Voyant%20and%20MALLET/RunawaySlaveNarratives/1825_William_Grimes.txt
15,6,6,file:/G:/Shared%20drives/HIST289%20Course%20Materials/5%20-%20Distant%20Reading%20-%20Voyant%20and%20MALLET/RunawaySlaveNarratives/1845_Frederick_Douglass.txt
15,7,5,file:/G:/Shared%20drives/HIST289%20Course%20Materials/5%20-%20Distant%20Reading%20-%20Voyant%20and%20MALLET/RunawaySlaveNarratives/1813_Jacob_Green.txt
15,8,4,file:/G:/Shared%20drives/HIST289%20Course%20Materials/5%20-%20Distant%20Reading%20-%20Voyant%20and%20MALLET/RunawaySlaveNarratives/1847_William_Wells_Brown.txt
15,9,3,file:/G:/Shared%20drives/HIST289%20Course%20Materials/5%20-%20Distant%20Reading%20-%20Voyant%20and%20MALLET/RunawaySlaveNarratives/1860_William_Craft.txt
15,10,0,file:/G:/Shared%20drives/HIST289%20Course%20Materials/5%20-%20Distant%20Reading%20-%20Voyant%20and%20MALLET/RunawaySlaveNarratives/1861_Harriet_Jacobs.txt
16,0,2,file:/G:/Shared%20drives/HIST289%20Course%20Materials/5%20-%20Distant%20Reading%20-%20Voyant%20and%20MALLET/RunawaySlaveNarratives/1849_Henry_Bibb.txt
16,1,6,file:/G:/Shared%20drives/HIST289%20Course%20Materials/5%20-%20Distant%20Reading%20-%20Voyant%20and%20MALLET/RunawaySlaveNarratives/1845_Frederick_Douglass.txt
16,2,10,file:/G:/Shared%20drives/HIST289%20Course%20Materials/5%20-%20Distant%20Reading%20-%20Voyant%20and%20MALLET/RunawaySlaveNarratives/1855_John_Thompson.txt
16,3,9,file:/G:/Shared%20drives/HIST289%20Course%20Materials/5%20-%20Distant%20Reading%20-%20Voyant%20and%20MALLET/RunawaySlaveNarratives/1849_James_Pennington.txt
16,4,4,file:/G:/Shared%20drives/HIST289%20Course%20Materials/5%20-%20Distant%20Reading%20-%20Voyant%20and%20MALLET/RunawaySlaveNarratives/1847_William_Wells_Brown.txt
16,5,1,file:/G:/Shared%20drives/HIST289%20Course%20Materials/5%20-%20Distant%20Reading%20-%20Voyant%20and%20MALLET/RunawaySlaveNarratives/1855_John_Brown.txt
16,6,0,file:/G:/Shared%20drives/HIST289%20Course%20Materials/5%20-%20Distant%20Reading%20-%20Voyant%20and%20MALLET/RunawaySlaveNarratives/1861_Harriet_Jacobs.txt
16,7,3,file:/G:/Shared%20drives/HIST289%20Course%20Materials/5%20-%20Distant%20Reading%20-%20Voyant%20and%20MALLET/RunawaySlaveNarratives/1860_William_Craft.txt
16,8,5,file:/G:/Shared%20drives/HIST289%20Course%20Materials/5%20-%20Distant%20Reading%20-%20Voyant%20and%20MALLET/RunawaySlaveNarratives/1813_Jacob_Green.txt
16,9,7,file:/G:/Shared%20drives/HIST289%20Course%20Materials/5%20-%20Distant%20Reading%20-%20Voyant%20and%20MALLET/RunawaySlaveNarratives/1901_Isaac_Johnson.txt
16,10,8,file:/G:/Shared%20drives/HIST289%20Course%20Materials/5%20-%20Distant%20Reading%20-%20Voyant%20and%20MALLET/RunawaySlaveNarratives/1825_William_Grimes.txt
17,0,8,file:/G:/Shared%20drives/HIST289%20Course%20Materials/5%20-%20Distant%20Reading%20-%20Voyant%20and%20MALLET/RunawaySlaveNarratives/1825_William_Grimes.txt
17,1,3,file:/G:/Shared%20drives/HIST289%20Course%20Materials/5%20-%20Distant%20Reading%20-%20Voyant%20and%20MALLET/RunawaySlaveNarratives/1860_William_Craft.txt
17,2,5,file:/G:/Shared%20drives/HIST289%20Course%20Materials/5%20-%20Distant%20Reading%20-%20Voyant%20and%20MALLET/RunawaySlaveNarratives/1813_Jacob_Green.txt
17,3,10,file:/G:/Shared%20drives/HIST289%20Course%20Materials/5%20-%20Distant%20Reading%20-%20Voyant%20and%20MALLET/RunawaySlaveNarratives/1855_John_Thompson.txt
17,4,9,file:/G:/Shared%20drives/HIST289%20Course%20Materials/5%20-%20Distant%20Reading%20-%20Voyant%20and%20MALLET/RunawaySlaveNarratives/1849_James_Pennington.txt
17,5,4,file:/G:/Shared%20drives/HIST289%20Course%20Materials/5%20-%20Distant%20Reading%20-%20Voyant%20and%20MALLET/RunawaySlaveNarratives/1847_William_Wells_Brown.txt
17,6,1,file:/G:/Shared%20drives/HIST289%20Course%20Materials/5%20-%20Distant%20Reading%20-%20Voyant%20and%20MALLET/RunawaySlaveNarratives/1855_John_Brown.txt
17,7,7,file:/G:/Shared%20drives/HIST289%20Course%20Materials/5%20-%20Distant%20Reading%20-%20Voyant%20and%20MALLET/RunawaySlaveNarratives/1901_Isaac_Johnson.txt
17,8,6,file:/G:/Shared%20drives/HIST289%20Course%20Materials/5%20-%20Distant%20Reading%20-%20Voyant%20and%20MALLET/RunawaySlaveNarratives/1845_Frederick_Douglass.txt
17,9,2,file:/G:/Shared%20drives/HIST289%20Course%20Materials/5%20-%20Distant%20Reading%20-%20Voyant%20and%20MALLET/RunawaySlaveNarratives/1849_Henry_Bibb.txt
17,10,0,file:/G:/Shared%20drives/HIST289%20Course%20Materials/5%20-%20Distant%20Reading%20-%20Voyant%20and%20MALLET/RunawaySlaveNarratives/1861_Harriet_Jacobs.txt
18,0,10,file:/G:/Shared%20drives/HIST289%20Course%20Materials/5%20-%20Distant%20Reading%20-%20Voyant%20and%20MALLET/RunawaySlaveNarratives/1855_John_Thompson.txt
18,1,9,file:/G:/Shared%20drives/HIST289%20Course%20Materials/5%20-%20Distant%20Reading%20-%20Voyant%20and%20MALLET/RunawaySlaveNarratives/1849_James_Pennington.txt
18,2,8,file:/G:/Shared%20drives/HIST289%20Course%20Materials/5%20-%20Distant%20Reading%20-%20Voyant%20and%20MALLET/RunawaySlaveNarratives/1825_William_Grimes.txt
18,3,7,file:/G:/Shared%20drives/HIST289%20Course%20Materials/5%20-%20Distant%20Reading%20-%20Voyant%20and%20MALLET/RunawaySlaveNarratives/1901_Isaac_Johnson.txt
18,4,6,file:/G:/Shared%20drives/HIST289%20Course%20Materials/5%20-%20Distant%20Reading%20-%20Voyant%20and%20MALLET/RunawaySlaveNarratives/1845_Frederick_Douglass.txt
18,5,5,file:/G:/Shared%20drives/HIST289%20Course%20Materials/5%20-%20Distant%20Reading%20-%20Voyant%20and%20MALLET/RunawaySlaveNarratives/1813_Jacob_Green.txt
18,6,4,file:/G:/Shared%20drives/HIST289%20Course%20Materials/5%20-%20Distant%20Reading%20-%20Voyant%20and%20MALLET/RunawaySlaveNarratives/1847_William_Wells_Brown.txt
18,7,3,file:/G:/Shared%20drives/HIST289%20Course%20Materials/5%20-%20Distant%20Reading%20-%20Voyant%20and%20MALLET/RunawaySlaveNarratives/1860_William_Craft.txt
18,8,2,file:/G:/Shared%20drives/HIST289%20Course%20Materials/5%20-%20Distant%20Reading%20-%20Voyant%20and%20MALLET/RunawaySlaveNarratives/1849_Henry_Bibb.txt
18,9,1,file:/G:/Shared%20drives/HIST289%20Course%20Materials/5%20-%20Distant%20Reading%20-%20Voyant%20and%20MALLET/RunawaySlaveNarratives/1855_John_Brown.txt
18,10,0,file:/G:/Shared%20drives/HIST289%20Course%20Materials/5%20-%20Distant%20Reading%20-%20Voyant%20and%20MALLET/RunawaySlaveNarratives/1861_Harriet_Jacobs.txt
19,0,0,file:/G:/Shared%20drives/HIST289%20Course%20Materials/5%20-%20Distant%20Reading%20-%20Voyant%20and%20MALLET/RunawaySlaveNarratives/1861_Harriet_Jacobs.txt
19,1,10,file:/G:/Shared%20drives/HIST289%20Course%20Materials/5%20-%20Distant%20Reading%20-%20Voyant%20and%20MALLET/RunawaySlaveNarratives/1855_John_Thompson.txt
19,2,6,file:/G:/Shared%20drives/HIST289%20Course%20Materials/5%20-%20Distant%20Reading%20-%20Voyant%20and%20MALLET/RunawaySlaveNarratives/1845_Frederick_Douglass.txt
19,3,8,file:/G:/Shared%20drives/HIST289%20Course%20Materials/5%20-%20Distant%20Reading%20-%20Voyant%20and%20MALLET/RunawaySlaveNarratives/1825_William_Grimes.txt
19,4,2,file:/G:/Shared%20drives/HIST289%20Course%20Materials/5%20-%20Distant%20Reading%20-%20Voyant%20and%20MALLET/RunawaySlaveNarratives/1849_Henry_Bibb.txt
19,5,4,file:/G:/Shared%20drives/HIST289%20Course%20Materials/5%20-%20Distant%20Reading%20-%20Voyant%20and%20MALLET/RunawaySlaveNarratives/1847_William_Wells_Brown.txt
19,6,5,file:/G:/Shared%20drives/HIST289%20Course%20Materials/5%20-%20Distant%20Reading%20-%20Voyant%20and%20MALLET/RunawaySlaveNarratives/1813_Jacob_Green.txt
19,7,3,file:/G:/Shared%20drives/HIST289%20Course%20Materials/5%20-%20Distant%20Reading%20-%20Voyant%20and%20MALLET/RunawaySlaveNarratives/1860_William_Craft.txt
19,8,9,file:/G:/Shared%20drives/HIST289%20Course%20Materials/5%20-%20Distant%20Reading%20-%20Voyant%20and%20MALLET/RunawaySlaveNarratives/1849_James_Pennington.txt
19,9,7,file:/G:/Shared%20drives/HIST289%20Course%20Materials/5%20-%20Distant%20Reading%20-%20Voyant%20and%20MALLET/RunawaySlaveNarratives/1901_Isaac_Johnson.txt
19,10,1,file:/G:/Shared%20drives/HIST289%20Course%20Materials/5%20-%20Distant%20Reading%20-%20Voyant%20and%20MALLET/RunawaySlaveNarratives/1855_John_Brown.txt
